{
    "accuracy": 0.3292,
    "precision_weighted": 0.4325,
    "recall_weighted": 0.3292,
    "f1_score_weighted": 0.3306,
    "confusion_matrix": {
        "High": {
            "High": 421,
            "Low": 113,
            "Medium": 125
        },
        "Low": {
            "High": 607,
            "Low": 389,
            "Medium": 245
        },
        "Medium": {
            "High": 960,
            "Low": 432,
            "Medium": 408
        }
    },
    "per_class_metrics": {
        "High": {
            "precision": 0.2118,
            "recall": 0.6388,
            "f1_score": 0.3181,
            "support": 659
        },
        "Low": {
            "precision": 0.4165,
            "recall": 0.3135,
            "f1_score": 0.3577,
            "support": 1241
        },
        "Medium": {
            "precision": 0.5244,
            "recall": 0.2267,
            "f1_score": 0.3165,
            "support": 1800
        }
    },
    "feature_importance": {
        "Days for shipment (scheduled)": 0.29419320862237053,
        "Sales": 0.25362599096536076,
        "Product Price": 0.23705984418730514,
        "Category Name": 0.08331098614298835,
        "Order Item Discount Rate": 0.07181986994789699,
        "Customer Segment": 0.04420422206730376,
        "Shipping Mode": 0.015785878066774443
    },
    "classes": [
        "High",
        "Low",
        "Medium"
    ],
    "train_samples": 14800,
    "test_samples": 3700,
    "model_params": {
        "max_depth": 8,
        "min_samples_split": 10,
        "min_samples_leaf": 5,
        "class_weight": "balanced"
    }
}