{
    "accuracy": 0.3132,
    "precision_weighted": 0.4127,
    "recall_weighted": 0.3132,
    "f1_score_weighted": 0.304,
    "confusion_matrix": {
        "High": {
            "High": 389,
            "Low": 165,
            "Medium": 112
        },
        "Low": {
            "High": 578,
            "Low": 473,
            "Medium": 177
        },
        "Medium": {
            "High": 923,
            "Low": 586,
            "Medium": 297
        }
    },
    "per_class_metrics": {
        "High": {
            "precision": 0.2058,
            "recall": 0.5841,
            "f1_score": 0.3044,
            "support": 666
        },
        "Low": {
            "precision": 0.3864,
            "recall": 0.3852,
            "f1_score": 0.3858,
            "support": 1228
        },
        "Medium": {
            "precision": 0.5068,
            "recall": 0.1645,
            "f1_score": 0.2483,
            "support": 1806
        }
    },
    "feature_importance": {
        "Days for shipment (scheduled)": 0.301427452264538,
        "Sales": 0.2787054181295796,
        "Product Price": 0.2191212138679165,
        "Shipping Mode": 0.06638159028114794,
        "Category Name": 0.06388898450477172,
        "Order Item Discount Rate": 0.05323830787648435,
        "Customer Segment": 0.017237033075561844
    },
    "classes": [
        "High",
        "Low",
        "Medium"
    ],
    "train_samples": 14800,
    "test_samples": 3700,
    "model_params": {
        "max_depth": 8,
        "min_samples_split": 10,
        "min_samples_leaf": 5,
        "class_weight": "balanced"
    }
}